Company,Funding,Employee Growth,,
Fireblocks,1000000000,254,,
FalconX,477000000,195,,
GrubMarket,382100000,55,,
Jeeves,368000000,610,,
Blockdaemon,431000000,307,,
RAMP,1400000000,203,,
AtoB,257000000,912,,
Alchemy,564000000,174,,
Oyster,224000000,529,,
Zip,81000000,671,,
dbt Labs,414400000,152,,
FreightWaves,92400000,22,,
Pony.ai,1100000000,14,,
Reify Health,479600000,126,,
Unit,170000000,470,,
Salt Security,271000000,149,,
Payhawk,239100000,321,,
Deliverr,490900000,76,,
ICON,450000000,230,,
Aurora Solar,523500000,84,,
Abnormal Security,284000000,151,,
Shares,90000000,890,,
CoinTracker,101600000,383,,
Axonius,665000000,141,,
Annova Solutions,1000000,974,,
Ontop,26000000,885,,
Cribl,402200000,207,,
Esusu,145000000,176,,
Crusoe Energy Systems,747500000,116,,
Yummy,84000000,944,,
MoonPay,642000000,225,,
Weee!,862800000,70,,
Panther,140500000,348,,
Multiplier,77000000,584,,
Drata,128200000,340,,
Petal,704600000,45,,
Island,100000000,323,,
Dremio,410000000,70,,
Ironclad,334000000,72,,
JumpCloud,416700000,82,,
Labelbox,188900000,46,,
RapidRatings,245000000,17,,
Pave,63000000,270,,
Lessen,205000000,336,,
Chainalysis,536600000,132,,
Sentry,127000000,58,,
Shield AI,348100000,56,,
Zilch,339300000,100,,
Productboard,261700000,91,,
Flutterwave,474500000,25,,
Devo,481000000,48,,
Tarana Wireless,206100000,42,,
Arcadia,370500000,106,,
Taskmo,5000000,839,,
Cortex by Palo Alto Networks,65000000,12,,
Lightstone,644000000,10,,
Immuta,158200000,40,,
Wasabi Technologies,286200000,63,,
Hugging Face,60200000,152,,
Persefoni,114200000,502,,
Thought Machine,562800000,6,,
Springpod,4000000,940,,
Aiven,420000000,115,,
LinkSquares,61500000,178,,
Webflow,214900000,53,,
Monte Carlo,101000000,194,,
AgentSync,111100000,219,,
Juni,75900000,812,,
Anchorage,487000000,139,,
Branch,609100000,210,,
CAIS,406000000,65,,
Coalition,770000000,84,,
Ava Labs,230000000,62,,
CaptivateIQ,164600000,143,,
Animoca Brands,675300000,128,,
Figment,165000000,382,,
Clarify Health Solutions,178000000,92,,
FTX,1800000000,133,,
Inxeption,336500000,8,,
Notion,343200000,265,,
SiFive,365500000,4,,
Jar,36500000,445,,
Bank Novo,46000000,145,,
Dapper Labs,607500000,138,,
RapidAPI,122500000,57,,
OpenSpace,88500000,112,,
Lev,147000000,254,,
Autograph,13300000,309,,
Salsify,452600000,30,,
Modern Treasury,133000000,322,,
Docker,435900000,65,,
Titan Invest,73000000,247,,
Loadsmart,346400000,62,,
Polygon,452000000,225,,
Epic! Kids,51500000,17,,
JupiterOne,49000000,134,,
Envoy,170200000,57,,
Ethos Life,406500000,115,,
StarkWare,173000000,86,,
Nuvocargo,37800000,227,,
Paradox,253300000,83,,
Cart.com,383000000,239,,
Timescale,181100000,125,,
Lukka,201300000,67,,
Uni Cards,95000000,719,,
Density,217200000,69,,
MX.com,450000000,728,,
5ire,221000000,500,,
Material Bank,323200000,56,,
Kiniksa Pharmaceuticals,400000000,684,,
Viz.ai,151600000,81,,
Payhawk,239100000,354,,
Vouch Insurance,184200000,99,,
Uniphore,620900000,75,,
Wayflyer,636200000,276,,
Tackle.io,148300000,147,,
Capitolis,171800000,32,,
SparkCognition,286600000,56,,
Peloton,1900000000,2,,
Apollo,183200000,115,,
Beta Technologies,886000000,53,,
Vendr,132000000,70,,
Integrity Marketing Group,2100000000,38,,
TaxBit,235800000,283,,
Liquid Death Mountain Water,130600000,82,,
Glean,155000000,268,,
Whatnot,484700000,245,,
StartEngine,87600000,20,,
Stytch,126300000,192,,
BlueVoyant,525500000,56,,
Immutable,277000000,213,,
Vanta,53000000,199,,
MoEngage,133000000,90,,
Mythical Games,260000000,150,,
Glia,107000000,55,,
Netlify,202100000,65,,
Genies,52000000,72,,
Transcarent,298000000,95,,
Installed Building Products,250000000,3,,
Hydrow,110800000,33,,
LanzaTech,310400000,42,,
LineVision,16800000,656,,
Anduril,691000000,58,,
HomeLight,742500000,44,,
ZenBusiness,274500000,106,,
Airbyte,181200000,283,,
Kindbody,125300000,92,,
Vercel,313000000,334,,
Harness,425000000,65,,
SonarSource,457000000,43,,
Noname Security,220000000,214,,
Perimeter 81,65000000,61,,
Clara,239800000,426,,
selfbook.com,43000000,190,,
Anyscale,160000000,104,,
Tripledot Studios,202000000,90,,
Moss,150200000,421,,
Exotec,449600000,53,,
Fabric,293500000,97,,
Epirus,287400000,78,,
Imply,215300000,48,,
Turntide Technologies,491500000,50,,
Cloudinary,100000000,50,,
1111 SYSTEMS,586000000,468,,
Lendable,1600000000,80,,
GO1,283700000,72,,
Treez,28000000,95,,
Starburst,414000000,44,,
Cresta,71000000,130,,
SingleStore,434100000,39,,
Talkiatry,37000000,402,,
Calibrate,127600000,473,,
Electric AI,208800000,67,,
Forte,910000000,140,,
Real,16000000,481,,
TRM Labs,79900000,250,,
MPOWER Financing,375000000,51,,
Squire,167100000,44,,
Binance.US,200000000,81,,
Yugabyte,291000000,265,,
Capchase,949600000,129,,
Hightouch,54200000,182,,
Veho,299200000,173,,
Workhorse Group,347600000,24,,
FLEXE,144000000,72,,
Replicant,35000000,60,,
Monroe Capital,34000000,21,,
Brightline,50000000,236,,
CoinDCX,109000000,192,,
Bolt,963100000,154,,
Paddle,93300000,93,,
Wahed,40000000,28,,
Fundbox,553500000,33,,
Acorns,507000000,25,,
Iterative Scopes,193600000,283,,
Omada Health,256500000,36,,
Athletic Greens,115000000,125,,
Wrapbook,130600000,225,,
Stori,400000000,254,,
Firebolt,264000000,125,,
100 Thieves,120000000,66,,
Captain Fresh,119000000,342,,
Bungalow,171000000,19,,
Spotter,67900000,250,,
Mos.com,57300000,49,,
CyCognito,153000000,49,,
Primer,168000000,191,,
ZUM,208000000,41,,
Crew,58000000,642,,
Connecteam,158000000,217,,
CertiK,300200000,100,,
BigPanda,317000000,46,,
Divvy Homes,1200000000,142,,
Levels,12000000,121,,
NexHealth,51800000,68,,
Voyager,100100000,75,,
Neo Financial,91500000,97,,
Assembled,19700000,173,,
Pyramid Analytics,74000000,58,,
Corvus Insurance,160800000,44,,
Flipos,200000000,371,,
CloudBees,356200000,23,,
Temporal Technologies,128500000,96,,
AcreTrader,57000000,167,,
Newfront Insurance,310000000,30,,
Betterfly,202500000,289,,
Cross River Bank,908000000,49,,
Britishvolt,2400000000,183,,
Axelar Network,63800000,155,,
Beamery,173000000,81,,
Sense,47000000,95,,
Tribal Credit,143400000,292,,
Upside Business Travel,265000000,37,,
finn.auto,908300000,208,,
Helbiz,78400000,32,,
BigID,246100000,55,,
Core Scientific,169000000,87,,
Xwing,54000000,158,,
NYDIG,1400000000,90,,
Genesis Global Technology,249800000,156,,
Chipper Cash,302200000,117,,
FlashParking,64300000,34,,
Shikho,1600000,585,,
eSentire,411200000,32,,
Fyllo,98000000,49,,
Quantum Metric,251000000,59,,
Digital Currency Group,1300000000,179,,
Encamp,17200000,62,,
Hotel Engine,81000000,138,,
Cover Genius,95100000,108,,
A24,225000000,33,,
Luminous Computing,105000000,88,,
Divergent 3D,251900000,43,,
Deliverect,300400000,115,,
Everlaw,298600000,43,,
Beyond Identity,205000000,30,,
Geneva Financial,13600000,15,,
Pentera,189500000,71,,
Atlan,65000000,85,,
Rokt,487000000,27,,
Octane Lending,401000000,73,,
Motorway,276100000,82,,
Roofstock,270000000,110,,
Wonder,14000000,44,,
DarioHealth Corp.,169000000,34,,
Hasura,136500000,36,,
Oura,148300000,42,,
Conductor,210600000,28,,
wefox,1300000000,49,,
Agree Realty Corporation,1300000000,35,,
Qualified,68000000,221,,
Origin,12300000,135,,
Tropic,67100000,306,,
Mynd,174900000,82,,
Route,481900000,39,,
Clayton Dubilier and Rice,22700000000,18,,
Masterworks.io,110000000,160,,
Sense Energy,47000000,45,,
Deserve,544200000,43,,
Atmosphere.tv,148700000,144,,
Nova Labs,364800000,29,,
Kallyope,479000000,26,,
SmartRent,256500000,41,,
Bowery Farming,646600000,54,,
Leap Finance,77500000,223,,
SRAX,40100000,8,,
Multiverse,414000000,114,,
Ladder Life,194000000,63,,
Gigforce,5000000,463,,
Einride,152300000,147,,
Kandji,188400000,164,,
Boxlight,60400000,3,,
Commonwealth Fusion Systems,2000000000,76,,
AutoGrid,161000000,39,,
Codashop,715300000,71,,
Sarcos Robotics,316100000,83,,
OWKIN,254100000,43,,
CHEQ,182000000,100,,
Somatus,465100000,89,,
Thatgamecompany,188800000,55,,
airSlate,130000000,23,,
EDO,1800000,55,,
Zero Hash,169900000,312,,
VulcanForms,355000000,98,,
Invoca,118500000,24,,
SWORD Health,323500000,115,,
FourKites,201500000,19,,
Scandit,273100000,69,,
HawkEye 360,304300000,26,,
GoCardless,529300000,37,,
Traceable AI,20000000,49,,
BrightInsight,166000000,5,,
Edge Delta,18000000,275,,
0x,109000000,89,,
Get Spiffy,50100000,46,,
SURE Insurance,123100000,103,,
Scalapay,727500000,160,,
Figure,1600000000,46,,
Linktree,165700000,173,,
Satellogic,223800000,59,,
Alexco Resource Corp.,47900000,13,,
Roman Health,1000000000,25,,
Greenwood,43000000,154,,
AlphaSense,520200000,67,,
GrowGeneration,247800000,12,,
Contrast Security,269000000,23,,
Palm NFT Studio,27000000,439,,
Extend Enterprises,54000000,94,,
Alexandria Real Estate Equities,8700000,18,,
Alexco Environmental Group,47900000,9,,
Cirkul,111600000,77,,
Redwood Trust,172200000,6,,
Ergatta,35100000,91,,
DriveWealth Holdings,550800000,65,,
UPSIDE Foods,206000000,48,,
Rho Business Banking,194900000,290,,
Lunchbox,72100000,52,,
SuccessKPI,33000000,431,,
IL MAKIAGE,29000000,17,,
FreeWire Technologies,105200000,42,,
Axie Infinity,9000000,262,,
Vendr,216000000,162,,
May Mobility,166600000,17,,
blueground co,257400000,74,,
SnapLogic,371300000,46,,
Princeton Digital Group,1100000000,1,,
CloudTrucks,141600000,200,,
RumbleON,332500000,69,,
CareBridge,180000000,71,,
Qonto,703900000,75,,
Vagaro,163000000,21,,
Movable Ink,97300000,44,,
solo.io,171500000,110,,
BeyondID,9000000,67,,
QuotaPath,29800000,167,,
Suki,95000000,77,,
Incode Technologies,257100000,23,,
Coda Payments,715300000,33,,
Flock Safety,380600000,61,,
Databook,71000000,193,,
Chronosphere,254400000,188,,
Hyperfine,216000000,56,,
ZeroAvia,110000000,120,,
Optibus,260000000,77,,
Optibus,160000000,77,,
Morty,36500000,74,,
CredAvenue,226700000,222,,
KuCoin,170000000,60,,
Athelas,150100000,129,,
Mamaearth,110800000,129,,
Tessera Therapeutics,431800000,129,,
OneWeb,4700000,42,,
BostonGene,200000000,30,,
EasyKnock,401700000,33,,
Rec Room,294000000,91,,
Emilio Health,104000000,235,,
Dragos,364200000,67,,
Paige,220000000,56,,
Fattmerchant,18300000,51,,
Orca Security,632000000,133,,
VerSe Innovation,1700000000,51,,
Ribbon,905000000,195,,
Biofourmis,463600000,77,,
Claroty,640000000,37,,
Motiv Power Systems,145600000,12,,
Digits,32500000,68,,
unybrands,325000000,319,,
Happy Money,191600000,16,,
ChartHop,54000000,203,,
Provi,3200000,88,,
H2O.ai,251100000,18,,
Augury,294000000,75,,
Misfits Market,526500000,46,,
Jet Edge International,285000000,16,,
OctoML,131900000,85,,
Accelerant Holdings,193000000,85,,
NYMBUS,121400000,41,,
causaLens,50900000,81,,
Trovata.io,30600000,53,,
GRIID,525000000,137,,
Glassbox Digital,70500000,38,,
Ocrolus,127000000,47,,
ABL Space Systems,419000000,79,,
PosiGen,223000000,36,,
StudySmarter,64200000,500,,
Evisort,55600000,65,,
Mindler,2500000,517,,
Staffbase,190800000,40,,
Activ Surgical,85400000,34,,
Flywheel.io,51000000,18,,
Sightline Payments,347200000,19,,
TravelPerk,408200000,68,,
ChargeAfter,17000000,130,,
OpenSea,427200000,296,,
RenoRun,163700000,176,,
Copper,102000000,31,,
Greenlight Financial Technology,556500000,70,,
Firefly,53500000,29,,
Lithic,115400000,129,,
Aleo,228000000,27,,
Retool,96000000,128,,
Airbase,90500000,124,,
Superpedestrian,261700000,28,,
Rocket Lab USA,709400000,24,,
Curebase,17600000,283,,
Coin Metrics,22900000,126,,
Wise Banking,1300000000,40,,
Karbon,91800000,154,,
Census,80300000,297,,
TRADE X,169400000,154,,
Untether AI,152000000,121,,
Swit,12300000,39,,
Veriff,192300000,61,,
The Guild,378500000,29,,
Armis Security,537000000,50,,
SecurityScorecard,292200000,62,,
mParticle,272000000,35,,
Corcentric,80000000,3,,
Upgrade,587000000,68,,
Horizon3.ai,38500000,293,,
Lusha,245000000,79,,
Alma,90500000,135,,
Keyway,15000000,205,,
CoreStack,45700000,102,,
MotoRefi,69100000,98,,
Pipe,316000000,89,,
Forto,593400000,64,,
Spring Health,295500000,178,,
EquityBee,85300000,112,,
Mercury - Banking for Startups,152200000,132,,
Allbirds,202500000,27,,
NowRx,60600000,30,,
Matillion,310300000,95,,
Baldwin Risk Partners,24200000,95,,
Ada,190600000,80,,
The Riverside Company,12000000,6,,
Persona Identities,217500000,141,,
DNAnexus,472600000,9,,
YipitData,492000000,90,,
InVideo,52500000,19,,
1K Kirana Bazaar,7000000,521,,
brightwheel,88800000,58,,
FLYR,187300000,137,,
Spruce,14600000,60,,
Till Payments,95600000,295,,
At-Bay,292000000,86,,
Columbia Care,408000000,8,,
strongDM,76100000,184,,
Infinitum Electric,57700000,64,,
Workit Health,138000000,127,,
Skyryse,240500000,133,,
Mesh Payments,63000000,278,,
UrbanStems,47200000,21,,
Socure,646900000,85,,
VergeSense,82600000,94,,
Volta Trucks,329900000,468,,
Vectra AI,352500000,27,,
Mediafly,59700000,47,,
Weka.IO,158900000,57,,
Bilt Rewards,63300000,73,,
Optimism,178500000,138,,
Pair Eyewear,73500000,103,,
Hungryroot,75400000,103,,
uLab Systems,83400000,46,,
Bloomreach,422000000,43,,
DataStax,227600000,28,,
Gatik,121600000,58,,
Lattice,160500000,122,,
Hungryroot,75400000,102,,
Finxact,42000000,20,,
Apex.AI,72000000,100,,
Brave Care,42900000,57,,
Pear Therapeutics,409000000,29,,
Trust and Will,14600000,98,,
Bikayi.com,12800000,462,,
UnitedMasters,170000000,47,,
Rapyd,770000000,63,,
Monogram Health,172000000,98,,
Industrious,422000000,33,,
Li-Cycle,667700000,118,,
AutoFi,114500000,37,,
Lancium,150000000,296,,
Spekit,60600000,175,,
Logixboard,50800000,181,,
Chooch AI,25800000,94,,
Assent Compliance,533600000,40,,
K Health,271300000,23,,
AppOmni,53000000,94,,
Orum,29000000,265,,
Transit,26600000,7,,
AvantStay,686000000,113,,
Center for Breakthrough Medicines,350000000,378,,
VideoAmp,456600000,127,,
STAG Industrial,200000000,6,,
Razor Group,959800000,241,,
Locus Robotics,299000000,62,,
Place Technology,10000000,5,,
Games24x7,75000000,29,,
Justt,50000000,419,,
LogicGate,156000000,24,,
Torii,65000000,176,,
Iodine Software,2500000,32,,
Yokoy,27800000,418,,
GWI,219900000,51,,
Socotra,43900000,57,,
Locus.sh,78800000,16,,
Afresh,32800000,166,,
Professional Fighters League,173000000,1,,
IRL - Do More Together,197000000,126,,
Truebill,83900000,62,,
Virtual Gurus,2600000,173,,
Tiff's Treats Cookie Delivery,97200000,6,,
QTS Realty Trust,1100000000,14,,
908 Devices,66800000,28,,
Varo Bank,992400000,34,,
SIMBA Chain,28500000,142,,
BurnAlong,16000000,29,,
Pie Insurance,306000000,32,,
Domino Data Lab,223600000,42,,
Lilac Solutions,173600000,113,,
HUNGRY Marketplace,30600000,56,,
Coralogix,96200000,84,,
Sila Nanotechnologies,880500000,41,,
Genvid Technologies,166000000,83,,
Drip Capital,375100000,59,,
Grover,2000000000,103,,
Ampla,290000000,254,,
Cohere,56100000,197,,
Metafy,51600000,197,,
Jackpocket,249600000,25,,
OpenWeb,223000000,9,,
Gem,12500000,123,,
Reltio,237000000,42,,
Popmenu,87100000,66,,
Impartner Software,110000000,34,,
Altiostar Networks,357500000,42,,
Pivot Bio,616900000,70,,
Kaia Health,123000000,67,,
CompanyCam,38000000,79,,
Amylyx Pharmaceuticals,202200000,322,,
Emergy Foods,128400000,279,,
Embark Veterinary,94300000,75,,
Securitize,100200000,49,,
Biocept,43200000,7,,
PocketPills,39400000,34,,
DISCO,233600000,51,,
Pcysys - Automated Pentesting,189500000,71,,
Vivun,56000000,68,,
ReliaQuest,330000000,55,,
LambdaTest,25000000,88,,
Medable,506600000,78,,
Observe.AI,89000000,20,,
Clever Real Estate,13200000,96,,
Fuzzy - The Pet Parent Company,80500000,131,,
Prime Trust,69000000,101,,
Starship Technologies,197700000,62,,
ConcertAI,300000000,20,,
Papaya Global,444500000,119,,
Yellowbrick Data,248000000,13,,
Cricket Health,111100000,44,,
Caribou,189100000,57,,
Reibus International,101700000,185,,
Nasuni,187000000,17,,
Liqid,149200000,13,,
New Mountain Capital,54500000,13,,
Matador,3200000,70,,
Upland Software,721400000,3,,
Stenn,400000000,11,,
Finexio,48500000,69,,
Cockroach Labs,633100000,56,,
ShipMonk,365000000,42,,
CredAvenue,226700000,38,,
AEye,314100000,50,,
AltoIRA,70300000,63,,
Flock Freight,399000000,97,,
We Are Rosie,11900000,65,,
Headout,57700000,91,,
Tezign,151100000,150,,
Slintel,26000000,61,,
General Fusion,322100000,36,,
Solid Power,381500000,92,,
Mixpanel,277000000,38,,
Walabot Official Site,296000000,48,,
Built Technologies,289100000,80,,
Thentia,27500000,63,,
WorkRamp,27200000,148,,
Sysdig,729500000,93,,
Polarium,124000000,47,,
FingerprintJS,44000000,147,,
Remarkable.com,24000000,46,,
reMarkable,24000000,46,,
Jushi Holdings,317400000,35,,
ZeroFOX,154200000,21,,
PlanetScale,105000000,61,,
Iteris,6500000,4,,
tinyBuild GAMES,18800000,61,,
Sayari Labs,94700000,60,,
Level Home,171000000,146,,
Marriott Vacations Worldwide,1100000,9,,
Sitetracker,87000000,29,,
Veriff,192300000,61,,
Finix,96000000,48,,
AlayaCare,293400000,43,,
Sana Benefits,46800000,56,,
Asana Partners,2600000000,28,,
Aviatrix,340800000,130,,
Arkose Labs,106500000,39,,
Capacity,61500000,40,,
Uptycs,93000000,56,,
Nayya,50700000,141,,
Pure Watercraft,39600000,25,,
YieldStreet,328500000,96,,
Kraken Digital Asset Exchange,136100000,25,,
Verana Health,288800000,68,,
MetaMask,275000000,123,,
Wiz,600000000,339,,
Realty Income Corp,6300000000,39,,
Legacy,20200000,51,,
Gala Games,100000000,309,,
Empowerly,12000000,136,,
Spendesk,311800000,53,,
7shifts,131000000,93,,
Cross River,908000000,49,,
commercetools,308100000,66,,
Simpli.fi,22800000,37,,
PLACE,100000000,121,,
Resource Label Group,159000000,50,,
StockTwits,43200000,48,,
PayFit,495800000,45,,
Flipdish,157100000,32,,
Rheaply,12800000,47,,
Deep Instinct,259100000,46,,
Humane,130000000,161,,
Measurabl,79600000,132,,
Overjet,77400000,218,,
Abacum,32000000,218,,
Volocopter,598600000,62,,
Form Energy,368800000,123,,
Narmi,20500000,131,,
Malta,86900000,230,,
